timestamp,attempt_number,strategy_name,strategy_description,sequential_em,sequential_f1,sequential_avg_latency,qafd_graphkv_em,qafd_graphkv_f1,qafd_graphkv_avg_latency,delta_em,delta_f1,latency_ratio
2026-08-19T10:37:39+08:00,1,h0_k8_concise_gapemp,QAFD h<=0 orders the same top-8 passages; GraphKV uses official gapemp and both methods use the concise prompt,0.644000,0.527573,0.437426,0.608000,0.219807,0.818715,-0.036000,-0.307766,1.871666
2026-08-19T10:46:18+08:00,2,graph_specific_bestedge_h0_n4,QAFD selects the strongest h<=0 edge from the top-20 pool and up to four direct neighbors; GraphKV uses its graph-specific center/neighbor cache path,0.612000,0.499500,0.420993,0.616000,0.466921,0.665596,+0.004000,-0.032579,1.581015
2026-08-19T10:53:21+08:00,3,graph_specific_bestedge_h0_n8,QAFD selects the strongest h<=0 edge from the top-20 pool and up to eight direct neighbors; GraphKV uses its graph-specific center/neighbor cache path.,0.640000,0.508352,0.475665,0.612000,0.460841,0.793014,-0.028000,-0.047511,1.667167
2026-08-19T11:01:36+08:00,4,graph_specific_bridge_target_h0_n4,"QAFD directs the strongest h<=0 edge from its question-facing endpoint toward the lower-query-overlap bridge target, which becomes GraphKV center; up to four center neighbors are retained.",0.588000,0.478807,0.449320,0.592000,0.434540,0.738978,+0.004000,-0.044267,1.644661
2026-08-19T11:08:20+08:00,5,graph_batch_multistar_h0_s2_n2,QAFD chooses the strongest directed star from each of its two highest-scoring h<=0 connected components; GraphKV processes the stars as parallel cache regions and merges them once for one final prediction.,0.580000,0.473635,0.417997,0.588000,0.402070,0.716890,+0.008000,-0.071565,1.715058
2026-08-19T11:14:21+08:00,6,query_conditioned_center_bestedge_h0_n4,"QAFD selects the strongest h<=0 star and the question plus a graph-integration instruction are placed before its center passage, allowing center hidden states to integrate linked neighbor caches with the query.",0.616000,0.460650,0.457007,0.604000,0.482109,0.612495,-0.012000,+0.021459,1.340229
2026-08-19T11:19:59+08:00,7,latent_checkpoint_bestedge_h0_n4,"A dedicated checkpoint after the query-conditioned center passage creates final hidden states that causally aggregate the question, QAFD-linked neighbor caches, and center evidence before one answer is generated.",0.580000,0.480698,0.433518,0.592000,0.516881,0.590255,+0.012000,+0.036183,1.361548
2026-08-19T11:30:10+08:00,8,checkpoint_sparsefill_h0_h2_n4,"A single query-conditioned QAFD+GraphKV star uses h=0 for center and direct-neighbor selection, fills only sparse stars to four neighbors from bounded h<=2 QAFD connectivity, and adds a latent integration checkpoint before one final answer.",0.592000,0.480889,0.501102,0.592000,0.535732,0.656396,+0.000000,+0.054842,1.309903
2026-08-19T11:34:15+08:00,9,repro_checkpoint_sparsefill_h0_h2_n4,"Exact fresh reproduction of Attempt 8: one query-conditioned QAFD+GraphKV h=0 star, bounded h<=2 sparse fill to four neighbors, latent integration checkpoint, and one final answer.",0.592000,0.480889,0.502857,0.592000,0.535732,0.657702,+0.000000,+0.054842,1.307932
